Sample1,sample2,Sample3,Sample4,Sample5,Sample6,Sample7,Sample8,Sample9,Sample10,Sample11,Sample12,Sample13,Sample14,Sample15,Sample16,Sample17,Sample18,Sample19,Sample20,Sample21,Sample22,Sample23,Sample24,Sample25,Sample26,Sample27,Sample28,Sample29,Sample30,Sample31,Sample32,Sample33,Sample34,Sample35,Sample36,Sample37,Sample38,Sample39,Sample40,Sample41,Sample42,Sample43,Sample44,Sample45,Sample46,Sample47
2.84,2.57,2.57,2.59,9.7,9.34,9.57,9.62,2.211759833,5.149999061,4.7467051,2.082263175,5.357108572,5.481508846,3.197383583,3.390014587,3.111484773,3.246225926,2.939156652,3.101441215,2.931205615,3.201713765,3.220890355,3.2280478440000002,3.232525292,3.153489343,3.106919381,3.34544953,3.217768722,3.235564735,3.174182906,3.329716104,2.899149569,3.45881506,3.314648681,3.498066791,3.256754367,3.376722015,3.359576555,3.496225196,3.303944072,2.890452255,3.376722015,2.968274962,3.364775108,3.376722015,3.425314785
2.12,2.13,2.21,2.18,5.94,5.88,6.01,6.28,8.978853435,9.252523521,10.54786814,9.840442777,7.011540365,7.026268908,3.814948191,3.873992075,4.044959865,4.162309103,3.982732643,3.807492024,4.036515274,4.136163579,3.980444009,3.732819333,3.952238629,4.012384302,4.094851216,3.954530115,4.282062329,4.073074671,3.710567439,4.036805586,4.087220489,4.082661083,3.736781509,3.351430421,3.364006452,3.583728776,3.718098014,4.232199475,3.827223771,3.818560848,3.795943597,3.616636325,3.713360365,3.530442188,3.81982215
2.71,2.72,2.88,2.74,4.82,4.73,4.71,4.68,7.083564424,6.694058347,8.337028647,7.869643192,6.264247413,6.965888155,7.830179526,7.655971029,6.945351363,5.854962902,5.559826093,5.212156135,7.782399447,8.11535181,7.093979586,4.870601862,5.192139544,5.677722015,7.679228996,7.470551265,6.89079497,6.070986641,6.289348936,5.852912646,6.690660774,6.437896716,6.585830571,5.786268763,6.730376024,6.619453073,6.497652249,6.689802173,6.344536035,6.401715353,5.829362113,6.256671963,6.287906255,6.687773426,6.922842549
2.77,2.36,2.43,2.22,6.35,6.57,6.5,6.48,8.221480788,9.163979182,8.192909219,8.013400843,6.471125666,3.770501364,4.149039797,4.21093253,4.180574351,3.756464657,4.70399409,3.995155621,3.934533329,4.713463491,4.631390638,3.957573962,5.215072398,4.914814884,4.295889591,3.62796837,3.714857197,4.178155059,3.706091212,3.923898543,6.918046231,7.878823766,6.520989295,5.559189095,5.552863584,5.035315676,5.283420502,6.326620832,5.321573211,5.041190348,4.727223242,4.83615483,7.424897218,6.062243303,6.045201839
3.01,2.75,2.56,2.51,6.53,6.56,6.35,6.42,3.595503661,4.276206311,3.590266665,4.485729504,3.329496783,4.481873683,3.018558846,3.375224324,3.067092933,3.551299315,3.377492244,3.278296222,3.071392541,3.154955612,3.143316487,2.997143343,2.932194833,3.282084536,3.304675809,3.213849703,3.648114063,3.376383562,3.032666159,3.50464432,3.497978924,3.645831772,3.497978924,3.576005067,3.46368282,3.557007407,3.379542908,3.518122707,3.468697798,3.455642758,3.497978924,3.463249416,3.502094915,3.754410996,3.497978924
2.54,2.39,2.32,2.35,6.75,6.39,6.82,7.06,8.50165012,8.589924493,10.01615363,9.404360324,6.390650491,5.773838126,4.054130169,4.298746302,3.888733464,3.856736166,3.436007009,3.51385097,4.080888521,3.640940513,3.707350765,3.854118076,3.405437032,3.714247186,3.775843518,3.567358506,3.710861907,3.536942256,3.620837592,3.507968513,4.006011237,4.539495515,3.982024784,3.746212568,4.132400599,3.493004901,3.966539142,4.625971302,3.95183203,3.764915279,3.817225525,3.547892665,3.619056906,4.046296787,4.143701464
2.79,2.84,2.73,2.79,3.6,3.69,3.63,3.62,4.541582983,4.984931073,5.020359961,5.027799863,5.154822159,4.338959175,4.260892031,4.316916777,4.254183039,3.910939107,3.911283165,3.819795116,4.175848839,4.3823798,4.008356101,3.943481993,4.17368189,3.951241495,4.175061324,4.199398817,4.645647271,4.314145536,4.264578295,4.200807626,4.728504159,4.591029615,4.130051192,4.011992303,4.313500415,4.229106577,3.995703923,4.42049634,4.284822745,4.170629613,4.248968035,4.491638012,4.29696075,4.106475593,4.082820323
2.5,2.5,2.64,2.77,5.93,5.81,6.32,5.98,6.460316637,6.759888183,5.219029085,5.412049832,7.444923769,7.945250684,2.786767992,2.643826502,2.873742986,3.006757423,2.927499581,3.039516986,2.96611264,2.822667036,2.818174718,2.738470261,2.749078804,3.061626974,3.413192029,2.920373792,2.962218471,3.067813591,2.615902938,2.936209226,5.260941887,5.195814052,5.297849229,4.556060026,3.87033122,4.827616943,4.406051979,4.192181937,4.604993552,3.963622123,3.66695339,3.807740642,4.660388448,5.583050762,5.740094625
3.95,3.97,4.15,4.08,7.48,7.47,7.85,7.98,10.38985716,10.57249181,11.73301108,11.441139,7.045628625,6.95986287,4.313431906,3.816809213,3.168561508,3.132845459,2.272736331,2.220571401,3.626132404,3.877698478,4.260078574,2.847673953,2.58499142,2.072006395,3.15442531,3.360189174,2.901973674,2.83297593,2.826289472,2.214703151,7.09549171,6.917951905,8.290468959,6.671582064,8.146780259,8.177099801,8.143104475,8.683088474,8.671432035,9.099235444,8.361443138,9.048997331,5.967973759,6.130352602,6.491300234
3.24,3.17,3.06,3.2,7.84,7.26,7.63,8.1,4.964338557,5.030720098,7.284153192,5.943243879,3.994670229,0.663626982,2.149567678,2.190497341,2.224187105,2.069724542,2.013385928,2.143653373,2.126383329,2.131305423,1.919484614,2.115967101,2.275961619,2.189530221,2.035131569,2.219937063,2.09626211,2.127350449,2.361343522,2.435262057,2.633657646,2.712747184,2.68779515,2.76394113,2.621296041,2.841638537,2.661840838,2.712747184,2.664565047,3.090952063,2.664297904,2.721415567,2.712747184,2.715405802,2.712747184
3.44,3.53,3.27,2.97,10.44,11.06,11.85,11.43,6.842840588,7.934127233,6.672920299,5.810080585,7.04697118,5.311637526,7.9740051,7.31970933,7.260191826,7.871697852,6.8406276,7.21963438,7.491402888,6.999505848,7.231467326,7.832738739,6.362686189,6.80148985,7.759733889,8.301844831,7.903520435,7.743787422,8.223655269,7.987221965,5.780878604,6.02750156,5.266280917,5.424224824,5.038732347,5.014005167,5.014005167,5.225699123,5.376703243,5.516597546,5.142183671,5.040797813,5.857834267,5.620369606,5.392715305
2.45,2.33,2.54,2.54,6.08,6.13,5.58,5.7,2.393037217,6.189176189,4.18449454,3.268594584,2.51421065,4.987134377,3.044941307,3.20432421,3.373852005,3.620641998,3.360060992,3.432837351,3.688947563,3.540027802,3.324934528,3.129766068,3.525047335,3.636784415,3.562060534,3.383664456,3.432837351,3.655500246,3.43709165,3.429241401,4.620933335,4.668375563,4.177729008,3.960060177,3.450678582,3.983897161,3.935464843,3.699201393,3.984862853,3.877024873,3.980177647,3.828838091,5.183851256,4.225684263,4.88347266
3.53,3.79,3.57,3.88,7.81,7.96,8.51,8.47,3.093773117,3.984780725,0.082484602,2.133750919,5.218099174,4.798900739,6.038959993,5.701215112,5.749590014,7.26494986,6.448900838,6.774513519,5.554073608,5.307657807,5.505155037,6.549569981,5.5133835940000004,6.656691982,4.987488217,6.100846106,5.942981944,6.079612683,7.066080047,6.7448843,3.016577224,3.247641784,2.982446675,3.289280484,3.164514577,3.129086638,3.144623477,3.237650004,3.236301983,3.069519729,3.450539723,3.247015219,3.230713545,3.094451316,3.027105844
2.55,2.55,2.62,2.8,5.82,5.61,5.7,6.2,9.836561679,9.929546919,11.51477322,10.88562774,4.507991214,4.821623487,2.706299741,2.48956244,2.307106166,2.372409349,2.824528219,2.748248928,2.358638206,2.533093081,2.543659349,2.487982146,2.533942778,2.38841441,2.505187138,2.166304378,2.399618234,2.505616746,2.436962969,2.462600568,5.079285146,4.661493575,4.436656616,2.932466527,4.52691742,3.453192274,3.87193759,4.590774175,3.608752172,4.645114703,3.437814687,4.3396310829999996,4.40596726,3.938172457,3.953464021
3.51,3.05,3.1,3.63,10.36,10.67,11.69,11.54,5.396906132,9.190195067,4.737475857,4.927597836,7.52100361,4.502871575,7.322644254,6.627382364,7.029353373,7.208027355,7.012308099,8.132209487,6.380186141,6.495589779,7.156370903,6.661047666,7.179554068,7.45143769,6.44252192,6.299018519,6.218091363,6.598238872,6.669402036,6.433274967,8.960633529,9.545052502,7.719626761,7.295215863,6.5341359,6.555827251,6.369620225,6.304498193,6.754635144,6.743638145,6.218202414,5.750252033,9.888755999,8.874850073,8.643292727
3.34,3.28,3.16,2.9,6.57,6.22,6.82,6.55,1.24898409,2.159893935,-0.020324353,-0.356945479,1.374177033,3.731519976,2.441488019,2.456504275,2.440248357,2.42742576,2.494428777,2.383133163,2.441488019,2.703183399,2.355796148,2.426035612,2.314250449,2.458720416,2.521728461,2.429918195,2.271148496,2.42551556,2.387512847,2.482218875,3.484626106,3.906336812,3.055658235,3.293524865,2.934527196,2.981770689,2.91571161,2.931734056,3.253704126,2.990170966,2.95772404,3.014687704,5.620707544,3.574132066,3.828074834
3.49,4.16,3.71,3.32,8.38,8.71,8.65,9.17,11.58789469,11.5389358,12.23660024,11.90296669,10.64754837,10.42240122,6.63339745,7.218175884,6.667604368,6.22455718,6.09783658,5.681000052,7.088453134,7.130303996,6.674317127,6.366646408,6.274525126,5.844185339,6.744363632,6.099620066,5.704529225,6.379364406,6.123761355,5.831677246,8.452593801,9.043530723,8.159858435,7.820028283,7.352788316,8.490975481,7.093674067,8.214528017,8.083793861,8.249374247,7.083029441,7.409482248,7.562443618,7.616527128,8.140572088
2.3,2.37,2.58,2.35,5.47,5.98,5.63,6.14,9.574322938,9.874601803,10.63380353,10.22594246,6.755475147,5.539872226,4.812561335,4.651644144,4.960094369,4.745607252,4.537302036,4.681667945,4.482546288,4.450679949,4.411381343,4.430804801,4.582163646,4.378873753,4.17231967,4.293284032,4.939216313,3.917224295,4.367732047,4.712908109,4.632806977,4.829265179,4.149211614,4.042166924,4.151345429,3.780181972,4.097294032,4.55311623,4.516731321,4.678875589,4.189325308,4.016392969,4.232300602,4.047064439,4.280670818
4.17,4.23,4.39,3.97,6.58,6.4,6.34,6.24,12.16770666,12.27546399,12.73699377,12.75791915,10.37590826,9.519877992,8.227767227,7.397810161,7.149943038,6.918437788,6.015394159,6.485032949,7.464182353,7.036279524,7.010417983,6.543931165,5.736513867,5.838038568,7.624914136,6.904969613,6.779491667,6.844748102,6.703790129,6.774959373,8.163971318,8.375656747,8.31868737,7.104652702,7.501970938,7.835645636,7.264333801,8.248494122,7.992785874,8.617692083,8.058464991,8.592552317,7.083273175,6.41875533,6.835105573
3.09,2.35,2.72,2.74,7.52,6.75,7.3,7.47,7.973341491,7.720928243,10.24092248,9.767221104,6.141295856,5.490724147,2.279322271,2.599807566,2.688666972,2.440093274,2.557056007,2.688129534,2.229448522,2.442380154,2.647460982,2.216266006,2.288815332,2.386704314,2.461699178,2.486290908,2.316971911,2.205268103,2.711700078,2.494286048,3.091446119,3.431906619,3.314273584,3.158379247,3.073203005,3.439251026,3.222184648,3.041864202,3.051757758,3.4220785,3.011767073,3.095479539,3.225666086,3.361964488,3.214305962
2.69,3.45,3.22,2.47,7.98,8.72,8.6,8.36,5.71867671,5.075250225,5.359710912,5.350444206,6.1481247,5.460057744,3.156076051,3.30564062,3.402181623,3.446910908,3.178195143,3.38757078,3.385273115,3.51242901,3.199119932,3.32997869,3.560430664,3.204439442,3.71603939,3.815926087,3.276541111,3.58805449,3.26768341,3.022643476,4.133680322,3.768659523,3.754714397,3.74851067,3.670524878,3.572848173,4.106663088,3.728876435,3.72992507,3.939675115,3.6829258,3.50577692,3.993118134,3.704752736,3.982490632
2.49,3.15,2.94,2.41,7,7.5,6.85,7.04,9.275768341,9.287292206,10.64350449,10.43408607,7.758742891,5.210209607,3.16075805,3.064551948,3.067091246,3.16075805,2.789833847,3.102017502,2.734979718,2.78747302,2.876972056,2.778300677,2.738521933,2.864977348,3.046050533,2.864899695,3.274293077,3.09279523,2.675628436,3.040926488,3.863623955,4.472396789,4.251714226,3.819363882,3.530183396,3.8325653,3.644249681,4.587777763,4.217890397,4.15501447,3.831869778,4.474162275,3.789913514,3.516549991,3.501493266
4.18,4.66,4.17,3.9,7.64,7.41,7.73,7.79,11.24175678,11.15194251,12.33309384,11.92904014,8.747702921,8.904071582,8.711971055,8.474204759,8.461160567,7.26356133,6.891584646,7.179713985,7.961082359,8.324691401,7.762919174,6.676821902,6.22875116,5.875904725,7.794755191,7.801893103,7.580845733,6.405002923,6.726978055,6.867023249,9.445010757,9.759314347,9.744150434,8.459937114,9.03120598,9.408287352,8.654271882,10.10650704,9.406201726,10.05532136,9.047277118,10.17750766,8.480858062,8.506911894,9.162463611
3.83,3.84,3.66,3.55,7.52,7.39,7.75,8.29,14.14312807,14.54585739,14.26427398,14.57451075,13.72400217,11.91077763,6.119145632,6.140705685,6.384816965,6.96555254,4.416366459,4.969444612,6.027766401,5.985850618,5.251680082,6.626391045,4.173580828,4.17970578,7.14869095,5.945585245,5.699291512,8.086413641,5.889414197,6.846480254,4.208072552,4.93697611,4.677666304,4.411308077,4.88347266,4.875769446,4.432557897,5.710784947,4.536804949,5.00026651,4.409320728,5.084104359,3.733595463,3.320204633,3.78423737
2.84,3.21,2.88,2.58,6.95,7.53,6.69,7,10.73416766,10.3369528,11.74900204,11.18669615,7.23688481,6.294530693,5.72154434,5.507961091,5.381514367,5.926530672,5.590691797,5.355789197,5.7183755,5.637793563,5.29676754,5.684325747,5.49874922,5.68878325,5.407582081,5.298955473,5.030582529,5.468815364,6.157338265,5.17927746,3.475778228,3.348615653,3.274973324,3.165744049,3.267767286,3.310029113,3.658230855,3.550738111,3.416998511,3.265815398,3.263365534,3.453393116,3.087452127,3.449309406,3.37510178
3.5,4.01,4.2,3.32,7.56,7.76,7.72,7.88,7.739679364,6.860577995,8.416269745,7.318009468,6.181706861,6.318891635,3.611161289,3.573444624,3.421890454,3.280547263,3.384414898,3.464612357,3.50010014,3.310862917,3.225408234,3.215370504,3.17551603,3.29285059,2.992700219,3.126461247,3.757704957,3.080081666,3.344977427,3.314956758,5.541398492,5.184428171,5.191190134,4.762040927,4.944490971,4.830237843,5.08399565,5.413996782,4.875310341,5.344522152,5.018403081,4.790439424,4.8191284,4.748775448,4.561348481
2.28,2.28,2.29,2.29,6.45,6.55,7.42,7.36,4.470504328,7.551323748,3.879823372,2.330285897,6.359798747,3.783540469,5.120910183,5.470145261,5.10058806,5.101497942,5.296681577,5.330139939,4.964988213,5.562071639,5.456264132,4.929229708,5.976741535,5.212468245,4.84223368,5.282596799,5.457086601,5.100903785,4.987136166,5.172624383,6.578943493,7.3663178,5.434995672,4.622684843,4.659972244,4.902700626,5.116114614,5.182335622,5.21548407,4.808913562,4.834135619,4.825289376,7.833503693,6.065464703,5.946932144
2.4,2.36,2.54,2.17,4.6,4.54,4.5,4.2,6.997190774,7.08306441,6.971302127,7.060739158,6.489674586,6.174985586,7.176153674,7.602447954,7.341016059,7.272512513,6.841445701,6.884306759,7.729902327,7.66092051,7.58925418,7.128342557,6.927163205,6.656032612,7.623150617,7.31459173,7.129487845,7.158580598,6.715839037,6.633454048,5.048977921,4.994889615,4.914203292,4.650066132,4.538247348,4.851287995,4.342732121,4.911137525,4.747959127,5.090897232,4.725627786,4.957051791,4.725627786,5.034594509,4.40596726
3.37,3.25,3.75,3.17,6.19,6.5,6.22,6.66,6.699565513,6.933065056,6.141498188,5.978065177,5.320379974,6.125934142,3.076985382,2.941729597,2.918919228,2.948753943,4.35729063,3.02433837,2.955500549,3.020060037,3.397734269,2.862631468,3.480037713,3.306738493,2.64154985,2.788848113,2.895628872,2.584299324,2.906813275,2.465742416,5.877266251,5.557448126,4.177729008,3.717170238,4.177729008,3.523211684,3.810767818,5.169137379,3.912646935,3.823786547,3.732103592,3.945914271,6.298712531,4.826378304,4.22674438
3.86,3,2.98,3.46,9.16,9.1,9.08,8.14,5.691732354,5.551592918,6.230226074,5.565581945,5.75180111,5.279166678,5.389447615,5.245197942,5.369178252,5.289978559,5.91666574,5.861045874,5.275148234,4.739781083,5.456356119,4.900195827,5.100650613,5.788761165,5.207352864,5.116762588,5.393076782,5.2502976,5.193767618,5.998862775,4.140143324,4.467740842,4.239979856,3.82811587,4.265607028,4.151162901,4.473413027,4.201055156,4.098444492,4.120354263,4.03413631,4.287111303,4.173442243,3.934299778,4.377835337
3.07,2.97,2.99,3.43,5.9,6.34,5.99,6.52,4.257802676,3.796390097,4.178180801,4.515674611,1.966227413,3.482525641,2.077996069,2.189178474,2.371791638,2.483280208,2.252847147,2.292812863,2.297905644,2.304047248,2.068076356,2.539944303,2.297905644,2.217291647,2.157123096,2.393023151,2.198329609,2.219782802,2.320793777,2.246568821,2.879708654,2.930453899,2.808353785,2.865762031,2.845237209,2.719261618,2.907839356,3.017416753,2.893170435,3.089766742,2.809835315,2.851762863,2.863223861,2.714823282,2.768568028
3.08,3.19,2.7,2.49,6.05,5.93,5.83,6.24,9.747718024,9.479311413,10.84137565,10.12034157,8.305332181,7.694921969,7.794086101,7.336740554,7.279172562,7.295545056,6.59084482,6.799245834,8.280048434,7.986442664,7.854185251,7.564028576,7.205749308,7.129234792,7.851482728,7.234394319,7.061869086,7.183454075,6.904073068,6.573605196,4.756869165,4.714240043,4.445302179,3.575312914,4.228545931,4.337661105,3.899905609,4.408737414,3.822623322,4.447111994,4.188102307,4.604127547,4.127476864,3.393612237,3.742375533
4.6,4.58,4.23,4.75,8.34,7.52,7.9,7.78,7.76540877,7.760507061,7.985056351,7.959289099,6.544100488,9.773414529,10.14222824,9.824769427,9.277650683,10.036216,10.56885526,10.23207064,9.859285138,10.27641541,9.634387165,10.53888324,10.72986737,9.93838364,10.15756313,9.527298646,9.479384888,10.96726078,10.30462751,10.05619034,9.300043117,9.261280313,10.60905674,10.2115962,9.016483564,10.47486771,9.478275892,8.528126369,9.961998895,8.674864486,10.11705958,10.04315356,7.345073729,9.576602088,8.698208414
2.44,2.25,2.89,2.71,6.11,7.05,6.39,6.55,4.661658403,1.99224273,5.141142555,0.9245408,1.951811567,4.208766947,3.932610587,3.74523216,4.114338272,3.605460741,3.708121557,3.605464269,3.987679,3.454443912,3.930012743,4.405184106,3.731971131,3.763999583,3.747004736,3.640955925,3.79530014,3.468941753,3.742881192,3.968677138,12.02997513,11.69453689,11.49385857,11.62827893,11.19232253,10.11024111,10.96885886,11.52860368,10.84152304,9.563866099,8.705411,9.396810561,12.21986621,12.06708797,11.74474701
2.32,3.72,3.1,3.8,9.27,9.58,10.21,10.15,5.895300197,10.58774002,6.430459242,7.827742824,8.270930673,5.450204997,5.930434834,5.2632323,4.797330498,3.581546114,3.770422428,3.832306828,5.060370724,5.4738879,5.512507913,3.269648566,5.824704879,4.611439123,5.14053334,4.865203319,3.627566299,3.742784607,3.832736455,3.248636934,12.59368127,12.92563923,12.38944904,11.82734798,11.00123148,11.31150989,11.49488184,11.31712002,11.81337281,10.49216763,9.691853589,9.182583874,12.79187493,12.61359297,12.93156068
4.06,3.58,3.23,2.97,8.82,8.72,9.46,9.88,12.85241637,12.7715328,13.3033384,13.13976397,9.781228553,8.29447831,8.107409471,7.541305855,7.346493445,6.7119304380000004,6.625409742,6.551726792,8.003863863,7.5588729,7.1319549779999996,6.674580358,6.713813879,6.241510752,7.561924681,6.518304881,6.417017108,6.735277888,6.301197348,6.24090559,8.601007216,8.938403829,8.494065611,6.298941864,7.157221897,7.248604458,6.643699053,9.119461522,7.551299087,8.177557855,6.852569095,8.085846202,8.013740829,6.233803284,7.518369163
2.87,2.86,2.64,2.73,10.24,11.01,12.49,12.39,5.191286276,8.696094692,4.563762178,3.680841924,0.71389813,5.222673204,5.421611794,4.82791711,4.274324047,3.456346077,3.529958039,3.831660706,4.084361632,4.946564554,4.863905948,3.39635731,3.713230582,3.349176187,4.772757109,4.976432967,3.99214767,3.376383562,4.074861406,3.63334725,9.21377999,10.35058585,7.69388198,7.162052083,5.877563487,5.656407835,5.710719136,6.130316533,7.454365923,5.571152889,5.365090225,5.598238743,10.84576528,9.398118709,9.645958354
5.83,5.88,6.13,5.86,8.19,8.13,8.64,8.65,12.09119404,12.13544637,12.73513923,12.76691603,10.68681564,10.21720648,10.60434454,10.29036622,10.16676446,10.03144721,9.584112518,9.668361965,10.77087807,10.40834458,10.18293369,10.05729754,9.585628701,9.736202102,10.52531657,10.15716148,9.738778858,10.08645751,9.771017124,9.48406138,9.597897642,9.828757587,9.698672131,9.238632575,9.14777289,9.062686338,9.017196919,9.887110167,9.424051498,9.428242403,8.974588317,9.426551481,9.67705579,9.137064678,9.260230372
7.31,7.51,7.6,7.41,5.4,5.21,4.83,5.38,8.452488362,8.146319189,8.10974187,8.02233452,8.397636132,8.935545199,4.251051559,4.674347,3.955185467,3.921224265,4.188376817,4.055062322,4.518371487,4.458740956,3.975398693,4.575880178,3.774716975,3.489974903,4.270866511,4.45315715,4.355094784,4.274725913,4.678654812,3.843404626,6.542492923,6.688036932,6.22964365,6.155375206,6.657299242,6.337745504,6.54488018,6.582839428,6.22274068,6.774851793,6.302997773,6.257451999,6.448770542,6.349566168,6.506475671
6.67,7.08,6.85,6.58,8.79,8.95,9.24,8.99,5.393103821,5.355418054,4.513459163,1.652380942,7.579904211,8.326123837,3.42938643,3.38040759,3.410750681,3.295627843,3.835851193,3.677617601,3.369397728,3.39191066,3.122707751,3.306010109,3.316648635,4.047122239,3.650531617,3.50547362,3.610930493,3.583773119,3.723981139,3.724348296,3.337382688,3.225245046,3.622800415,3.211641958,3.398577211,3.270772955,3.377379703,3.34307736,3.467614349,3.723497627,3.919403856,4.328219979,3.34307736,3.079644309,3.326086685
3.69,2.78,3.48,3.12,9.17,9.46,10.63,10.74,9.826515121,10.73616513,11.38095883,10.66546028,9.823841691,7.688453147,7.738301753,8.020336902,7.426731756,6.669560529,7.76506707,7.418578528,7.243363264,7.532182528,7.545473449,7.402859623,8.002099057,7.12600919,7.037917718,6.478616107,6.789924528,6.661929489,5.843757587,5.066782758,7.216654515,8.18425604,7.452715225,5.648155781,6.683427204,6.5048255,6.390917059,7.535296609,6.515958737,6.593955712,6.056876301,6.41204186,7.316714477,5.652645503,6.149763261
5.72,6.48,6.23,5.95,9.41,9.74,9.23,9.98,7.194116609,7.401937594,8.239827624,8.44178224,6.097899391,6.570139564,6.78841311,7.437450834,7.099469413,6.438517319,6.979882118,7.140014758,6.818169434,6.850414169,6.253566832,6.042453033,6.028621678,6.621096817,4.959090399,5.073508124,5.377187457,5.189536405,5.810585011,5.404120296,8.487640696,8.717072227,7.909475498,7.359873956,7.391232224,8.201914536,7.039471671,8.218167151,7.779985969,7.935777854,6.584668442,7.312479307,7.827767004,7.44955345,8.382480179
3.14,2.72,3.18,3.26,5.32,5.09,5.53,5.41,6.177770327,5.481286023,5.389587461,5.614453669,1.672017935,3.36305891,8.660908841,8.483859304,8.153276077,8.270262281,7.960021166,7.598254867,8.324552036,8.810633403,8.887788882,8.172095408,7.84631412,7.651237772,8.425713902,8.541831262,8.022748452,7.685629066,7.971705861,7.312420864,6.62977639,7.135942735,6.312847704,4.807234367,5.220650295,4.488661824,5.283838186,5.646985949,4.516643883,4.740045732,4.216834943,4.641072542,6.997668676,5.639323772,5.939781225
2.47,2.48,2.25,2.27,5.26,6.18,5.5,5.33,2.53490824,4.156437068,2.101619824,4.045722536,0.784520734,2.396745876,3.958846774,4.052817478,4.15712128,4.121551498,4.283500543,4.292583278,4.016460743,3.969945541,4.136352406,4.511550121,4.159606929,3.98698864,4.348464521,4.115734853,4.028068182,4.486220161,3.685664324,4.373369237,3.379641436,3.859659896,3.655500404,3.940726326,3.733445527,3.603695737,3.785562115,3.603695737,3.68833482,3.592882428,3.68082096,3.440283425,3.590997652,3.786184631,3.72353591
5.41,5.73,5.46,5.25,4.01,3.93,3.84,3.87,7.358167658,7.2773339,7.499798062,6.859485091,7.184458835,7.306927502,6.923311298,6.992837801,6.439223052,7.043451905,7.160071868,6.532765588,6.940570962,6.873091567,6.472655188,7.717414736,6.648596798,6.407370689,7.122737552,7.288900132,6.888957869,7.688310871,7.784583135,6.92043645,6.654075998,6.527086293,6.235507584,6.770453551,5.944224644,6.252100554,6.207919999,6.244043799,6.359796799,6.132402507,6.036140595,6.182445549,6.183441685,6.137046762,6.217016451
3.51,4.31,4.37,3.51,7.98,8.42,8.69,8.98,2.642992623,8.612024375,4.627811089,3.906900214,6.745412145,0.518706339,4.466008532,4.51805776,4.412582915,4.237500017,5.578606731,4.873878625,4.181526627,5.220690296,4.807533141,4.26926421,6.936223957,5.593828318,4.643127667,4.631834175,4.113213358,3.977022456,4.290527376,4.369399295,8.145137201,8.897188544,6.263187476,5.61535845,5.339401496,4.35921496,4.579364778,5.231233001,5.455224445,5.208523573,4.863464811,4.496564824,9.352054243,7.474328954,7.577716632
3.06,2.98,2.91,2.82,4.31,4.65,4.75,4.76,6.278516364,6.220846493,6.027890519,6.503021102,5.470442504,6.450391428,4.505467717,4.265927987,4.051307532,3.827150574,4.419471903,3.967403835,3.779367826,3.972352484,4.051794703,4.115276876,4.145317164,4.090609017,3.745433315,4.109333107,4.163909936,4.056998218,4.316554008,3.837504953,5.01885817,4.674061022,4.815357712,4.785075244,4.8878053359999996,5.081344845,4.640378301,4.573993599,4.731744283,4.509891713,4.643272036,4.467677912,4.667630334,5.029980737,4.415042731
3.84,4.25,3.23,3.16,8.74,9.26,10.13,9.96,6.057456771,5.121674413,6.106968016,5.770073151,4.050519111,5.609030951,8.790210689,8.26312894,8.286430862,8.842412821,7.837640702,8.166402411,8.000620039,7.737551058,7.817581462,8.773021552,7.167179606,7.685425383,8.573447108,9.107416248,8.673084816,8.791465826,9.046230345,8.855305215,6.942618076,7.062045205,6.604583666,6.16451743,6.144859628,5.449037659,6.367834955,5.724914328,6.065104196,6.036142642,5.940114156,5.710244086,7.075595227,6.778985937,6.965190293
3.04,3.18,3.73,3.32,5.99,6.35,5.77,5.93,7.168772389,7.475887418,7.782270947,7.932179312,6.951564483,6.355007452,3.282031331,3.433590331,3.416347592,3.188577791,3.179774464,3.276331867,3.118591649,3.034490154,3.125598134,2.98513718,3.51882681,3.129959594,3.172742644,3.12050801,3.225857604,3.330156394,3.080408155,3.246261058,6.676668708,7.077073326,7.034228673,4.909441739,6.544032645,7.018761651,6.436260428,7.916997703,5.759083006,7.655415845,5.825055393,7.435204664,5.593085596,4.778559908,5.300570806
3.52,4.77,3.71,3.45,10.21,9.02,9.25,9.95,13.558337,13.92378243,13.31885346,13.09343077,12.68268082,11.1739082,7.346199135,7.378587631,7.355139667,7.834202495,4.843077342,6.539676191,7.058733066,7.531831468,6.887545869,7.51120553,4.533111342,5.509786527,8.071521413,7.167346462,7.293405245,8.995494726,7.470644457,8.131253,6.894744328,6.783414601,7.598070318,7.686313455,6.521685744,7.695941177,6.765872962,7.544293823,7.475025718,7.08329185,7.339547231,7.823674721,5.271429615,5.710912365,5.614086065
2.2,2.43,2.45,2.47,4.23,4.18,4.76,4.4,6.363971768,5.680071132,5.247035044,5.428778891,5.850986897,5.098701675,3.94113584,3.714840247,3.837539083,3.583773119,3.714520794,3.412350598,3.565444164,3.640347107,3.720573936,3.671634502,3.903729445,3.972718971,3.704311802,3.50559136,3.713442006,3.674834538,3.499268554,3.678474552,4.014009211,4.257277809,4.183602517,4.31315859,4.31315859,4.373170752,4.182538461,4.24875947,4.141815098,4.31315859,4.114246483,4.16894017,4.40596726,4.257791065,4.434631497
5.59,5.86,5.51,5.38,7.24,7.03,7.16,7.04,8.300860446,8.453476425,8.556444744,8.223321179,8.83975808,8.68777108,8.23557757,8.486990283,8.805723517,8.37927729,8.837755934,8.952968087,7.97981542,8.512834154,8.861226792,8.392324276,8.516078678,9.08489682,7.792518027,8.414443299,8.451043506,8.148747219,8.626612389,8.644382514,8.400757312,8.516314622,8.026682264,7.64788141,7.370760831,6.823522744,7.614570649,7.673301636,7.399217704,6.477726518,6.459720662,6.371244836,8.774360417,8.574910601,8.425702199
5.68,5.76,5.85,5.81,4.84,4.53,4.63,4.79,8.920805395,8.783882223,8.565121124,8.611725681,8.503006786,8.765780037,5.760288303,5.91939125,5.948215475,5.339166255,5.394216913,5.394814546,6.177950546,5.592288758,5.817008784,5.597249401,5.422720095,5.354143995,6.320189101,5.571461758,5.54498749,5.561806205,5.496298796,5.2707636430000004,7.061164169,7.168262359,7.792486752,7.306102389,7.969936532,8.475588262,7.871953755,8.22978121,7.848446922,8.736706578,8.277144103,8.579873133,7.011773469,6.815256346,7.445261165
2.82,2.85,2.79,2.83,3.09,3.09,3.06,3.14,4.439589895,4.638097013,4.193905758,4.394376945,4.457351327,5.591523843,2.731412341,2.672709244,2.529836496,2.707827378,2.624360285,2.639878125,2.76424346,2.866771827,2.547038253,2.723249313,2.715903009,2.493213481,2.739612587,2.634686759,2.848716137,2.568916037,2.868446222,2.786120438,3.67200131,4.048007921,3.901002386,3.64320361,3.941624117,3.901002386,3.982329646,4.015998574,3.632451045,4.20739023,3.966209999,3.939897354,3.901002386,3.426866131,3.976349377
10.29,9.56,9.91,10.28,12.89,12.78,12.45,12.5,11.40012161,11.46247671,11.18909562,11.17367089,10.20800263,10.19521224,11.15520081,11.34797229,10.93138655,9.895553426,10.29106565,10.17843133,11.1743148,11.71162773,11.45392277,9.941892517,10.16913014,10.74065486,11.10318422,11.88723077,11.44842892,10.17922341,11.28448088,10.7745001,9.958111809,9.633857848,10.20367444,10.43042761,10.32662225,10.01382241,10.45540565,9.834569789,9.928227845,10.02641173,9.948338072,10.07085107,9.763632162,9.639762954,10.52309203
3.69,4.01,3.55,3.55,7.79,8.79,9.49,9.34,9.183811521,9.502272912,10.08532639,10.15280452,5.902466769,5.283706981,3.932610587,3.375322449,3.74007183,4.111241274,3.895615076,3.912851381,4.020554053,3.412125756,3.46711977,4.008965587,4.026777803,3.6443037,3.822148992,3.524029509,3.860446174,4.014178548,3.706632077,3.707643455,7.845371433,8.061108302,8.04739956,8.671336367,8.13870837,7.862298732,7.727968187,7.749389071,8.005622339,7.199832265,6.760951294,6.415988319,8.402676283,8.981158329,8.655188581
6.64,6.86,6.68,6.05,9.09,9.69,9.65,9.74,11.5951409,11.89454496,12.61083799,12.25195278,10.07791056,8.971408475,10.48392992,11.74701244,11.44918989,10.12638252,12.23189743,11.68669858,10.78428596,11.89707563,11.49750913,10.6407722,12.24689492,11.97812221,10.29001886,10.46545118,10.88099335,9.759758889,10.39396228,10.94358155,10.80041744,10.98716596,10.26055167,10.29714971,10.08645527,9.590112419,9.965854335,10.4409974,9.985023945,9.919965911,9.836540875,9.818359036,11.09333512,10.62310211,10.8025726
3.57,3.5,3.1,2.85,6.49,6.6,7.12,7.48,5.152625572,5.817116691,6.540726308,6.896804646,5.551808218,5.381068752,2.583381752,2.623305297,2.796290136,2.821618828,2.780604128,2.884390592,2.986797247,2.736822559,2.846298722,2.927407254,2.818915857,2.882768548,3.292923901,2.783564096,3.071682834,2.86044265,2.788541546,2.640890443,3.634142638,3.509175781,3.746423948,3.59204466,3.479243362,3.623420176,3.659180083,3.594455801,3.644437302,3.707801782,3.877024873,3.694723788,3.557362719,3.657207131,3.438852388
3.74,3.81,3.38,3.62,5.31,5.12,5.03,5,4.930557581,5.755499182,6.793232631,5.831122263,5.694562654,4.079898599,4.031715224,4.430240055,3.800706447,3.945341353,3.055797718,3.075126653,3.997286858,4.272168796,3.843719133,3.073263976,3.017463605,3.176119522,3.015560989,3.414702333,3.05941912,2.934388143,2.665293999,2.985078788,4.138134588,4.187261974,4.317131259,3.59307485,3.931081272,4.205720441,4.001835142,4.482501166,3.851131092,4.017100323,4.0496288,4.420172389,3.746632144,3.45628944,3.835277611
3.36,3.33,3.03,3.45,6.78,7.65,8.28,8.16,5.745656847,5.691003665,6.58461531,6.026437127,3.624732594,3.783634754,2.983985133,3.642142256,3.069331984,2.655633542,4.518605943,3.550677809,2.874957582,3.861152936,3.399701185,3.125529589,4.98214503,4.017741498,2.904601062,2.98402966,3.001856829,3.288797088,3.108297427,2.944756825,5.577614665,5.646672201,4.729295365,4.273388882,3.915606489,4.051310393,4.16894017,4.459557474,3.691233922,4.032551748,4.046589233,3.77101572,5.971055814,5.104081672,4.226569573
3.2,3.38,2.67,2.7,5.44,5.65,5.89,6.03,4.514412664,0.043638474,4.02268739,2.405597606,0.169104035,3.363030867,2.9479346,2.948933403,2.739561391,2.888864115,2.638884541,3.026777364,2.924661878,2.782540979,2.7670246,3.212934896,2.778096605,2.857414111,3.137322896,2.708105693,3.128868869,2.828952031,2.585323431,3.047281453,4.689313004,4.865587905,5.363003205,4.618075097,4.593504559,5.126731828,4.452155491,5.519549685,5.202672214,5.611074201,5.099678605,6.120802873,4.165683433,3.587008701,4.199408492
8.7,8.83,8.99,9.12,6.67,7.08,6.46,6.36,8.752798758,8.604997922,8.774065532,9.045642276,9.834836023,10.12823926,6.208013321,5.852904869,6.0937832,6.816724565,6.17309615,6.305631702,6.168271084,6.209350289,6.912517984,6.823355372,6.440129851,6.888541235,5.526808235,6.142841288,6.615788764,6.291468098,6.974027337,6.003378234,7.85009617,7.856059862,7.593773192,6.230213566,7.365512796,7.351508402,7.218037944,7.529575373,7.245486108,7.307687676,6.91977304,7.574096361,7.411622186,7.085745789,6.934664691
9.7,9.71,10.11,9.58,12.14,11.76,11.56,11.88,10.98026099,10.94850595,11.32017438,11.37924297,11.0769425,11.52504114,6.411884723,6.480750395,6.158224409,6.797174248,6.784988857,7.212060492,6.902821913,5.657464393,5.796384104,6.699024109,6.872181764,7.249083197,6.789262354,6.692093881,6.96835609,6.808154214,7.12890252,7.410616833,8.842302906,8.65679784,8.229990132,8.051217312,9.26985422,8.839144222,8.653886256,8.379238672,7.640232747,8.916368734,7.85430529,7.914274192,9.246504751,8.304968051,8.94517785
4.18,4,4.07,4.07,9.24,9.83,11.29,11.24,9.393553489,9.952485004,9.922162161,9.507120697,8.525833979,6.759542028,5.682720692,6.337070603,6.173156836,5.452233727,7.147689872,6.766629642,5.573311585,6.877264106,6.557807864,5.478385568,7.279526032,7.28904188,5.039905603,5.142316622,4.768227102,4.946391889,5.359988261,4.928018479,9.560345637,10.02855192,9.059828537,8.525576953,9.000215059,8.289202756,8.606702724,8.850736622,8.222343717,8.38547272,8.004897641,7.921337977,9.701555542,9.453911249,8.836441589
3.02,2.75,2.88,3.01,3.72,3.75,3.87,3.8,6.344835597,6.726136399,6.426853455,6.757570022,2.701653291,1.046819305,2.717793031,2.974350866,2.85516169,2.59228477,3.363962976,3.316422318,2.641303549,3.865369839,3.792906522,2.580055679,4.980997845,4.968708541,2.715252664,2.521488564,2.695744535,2.831153221,2.623067925,2.592275071,3.156605263,3.410242585,3.24846874,3.154772432,3.19735837,3.542598541,3.416571737,3.18890587,3.130763896,3.129366577,3.188311657,3.164665989,3.249716254,3.164665989,2.959046527
7.52,7.75,7.73,7.69,6.88,6.86,6.77,6.66,8.223610791,8.198651301,7.407599185,7.580529931,8.324549613,8.476171036,6.44639198,6.457602663,6.068214035,6.082038718,6.009738268,5.854333843,6.300240789,6.376137363,6.274180819,6.081215635,6.158110913,5.73374248,6.230567241,6.280850432,5.811739927,5.777226723,6.136368416,5.456782983,8.127205801,8.016063993,8.640693033,8.59044474,9.298728447,9.347731405,9.270195516,9.062988611,9.134976413,9.733086862,9.279741195,9.422165476,7.593961838,8.145112273,8.541933434
3.44,3.57,2.85,3.02,8.03,8.37,9.68,9.79,4.25758396,2.27806506,4.988611982,3.708650767,4.753176627,4.613478612,8.078527439,8.704377656,8.227043031,6.813343896,7.88059734,7.4841772,7.781151914,8.661292114,8.566152236,6.486652168,8.256958826,7.444422825,7.582605261,7.177871891,7.087865418,6.466620793,6.153769103,5.470003513,7.435088296,7.901148266,7.245939617,4.8029678,5.981055459,5.804370987,5.508440921,6.981152205,5.597694551,6.342720085,6.00497597,6.375506904,7.114289129,5.428860004,6.262937477
2.78,3.21,3.12,3.32,7.08,7.91,8.25,9,9.768859189,9.450452467,11.40635915,10.82634192,4.156574596,0.901563962,2.813901949,2.581480278,2.739120019,2.686368977,2.803242047,2.839964034,2.703111246,2.620472575,2.611795038,2.409005315,2.656973854,2.668007391,2.563875398,2.790777917,2.468358768,2.907350545,2.629707947,2.788306732,3.621074497,3.225245046,3.326086685,3.049159602,3.254528014,3.248364409,2.966451134,3.164514577,2.938445908,3.287557055,3.205761511,3.341346435,3.111762104,3.122953873,3.030441304
3.27,3.48,3.29,3.4,5.78,5.02,5.75,5.65,8.595287324,9.203286819,10.76242357,10.83554517,8.031698446,9.139142019,10.82943965,10.88618976,10.71858808,10.5858787,10.3001525,10.54003964,10.83712768,10.7780714,10.37601002,9.734257817,9.961175702,9.866944811,10.91587878,10.47971813,10.52621282,10.39127599,10.41899676,10.4856792,7.87698546,8.103100035,8.006833826,7.57800525,7.570611643,8.018002011,7.797722706,7.952174044,8.152983987,8.229185706,8.119807975,8.223039828,6.864933401,6.814440805,6.980331601
2.8,2.8,2.84,2.53,4.48,4.18,4.66,4.8,4.587419001,5.200115881,6.380519941,5.764380659,5.252374026,5.095633321,4.52681004,3.945989072,3.654333952,3.577098657,3.674740065,3.625371505,4.45572131,4.269290627,3.817459007,3.713826071,3.759786381,3.455628197,3.736248707,3.809621818,4.034116179,4.079247033,3.692885009,3.70575711,4.186891757,3.968156518,3.837087569,3.53639498,3.968156518,3.825917967,3.836876834,3.942495006,3.777968682,4.096279463,3.754055311,3.801509197,3.889401953,3.870794345,3.970882623
4.92,4.96,4.97,5.17,6.75,6.71,7.26,7.31,7.703204545,7.585706199,7.932013912,7.880752859,7.975756274,8.185633674,6.366428441,6.45747129,6.223875144,6.376542119,6.284742176,6.166667395,5.821779563,6.18692069,6.152047086,6.503186847,6.183616448,6.160742015,5.834241402,6.186534993,5.60455438,6.128539222,6.338246441,5.641188394,5.866964247,5.768507779,5.754720372,5.781749197,5.799272102,5.960304353,5.70432561,5.77151205,5.856712074,5.749160999,5.809129394,5.879650045,5.70299833,5.792121468,5.47382631
4.25,4.22,3.37,3.37,6.86,7.23,7.37,7.61,7.906680187,7.854157767,10.54961142,9.808240233,7.239732172,5.505093798,7.950517466,9.312675988,8.12156502,8.881930936,10.00433896,9.221275986,8.532869831,9.341902354,8.848809443,9.797556744,9.983522501,9.708725104,7.28558604,7.841583096,7.61117148,8.415453169,8.035762362,7.835647824,6.726577436,7.307516521,6.241700873,5.838286901,5.901419226,6.088342935,6.000069659,5.901419226,5.901419226,5.699614943,5.775475858,5.59249035,7.373005806,6.670039931,6.706024253
2.28,3.2,3.15,3.35,6.47,6.39,5.87,6.14,4.432545241,4.49674994,4.779559156,4.620744746,6.00533935,4.759001327,3.140660133,3.273221059,3.094544993,3.003397687,3.617968821,3.080464725,3.201271706,3.218291951,3.080637275,3.186194045,3.046770852,2.960933302,3.577777721,2.982230148,3.003485513,3.654495035,3.064013226,3.164358264,6.225792342,6.101205883,6.564312863,5.407023941,5.434671678,5.641711228,5.358992579,6.133212868,5.515548124,5.918001116,5.61161708,5.625103062,5.795437615,5.354207809,5.838660484
6.16,6.25,5.69,6.08,3.96,3.16,3.32,3.66,9.065289565,9.211065748,8.574979456,8.319947539,9.158508709,9.65411327,6.586967777,5.907374442,5.760121928,6.960875785,6.363363526,6.254780275,6.744023595,5.928813751,5.442842988,7.223835006,6.106496013,6.04324976,6.23397317,6.017576648,6.10611771,6.975048331,6.33613267,5.999136121,5.421903131,5.448634407,5.063852783,4.162244403,5.455456422,4.920606871,4.828608885,4.64359536,4.451354734,5.229001266,4.991755437,4.844215642,5.226103803,5.307141411,5.52762882
7.96,7.04,7.33,6.45,11,11.44,11.91,11.77,10.52938175,10.84884981,11.35763447,11.3815754,10.15128298,9.181674068,2.363369374,2.600994504,2.16916315,2.257606356,2.514616095,2.270547844,2.224417537,2.571690041,2.346407188,2.350955941,2.42347162,2.704731267,2.172445083,2.304421359,2.368235801,2.232599808,2.447796368,2.455187005,8.946204971,8.630153039,8.858515147,7.868191377,8.897212026,8.486610787,8.711946216,8.065478256,8.591458004,8.821182192,9.025652108,8.154240167,8.73670535,8.760488738,8.603456763
6.72,7.05,5.95,6.95,10.03,9.89,9.8,9.52,12.3492287,12.30575967,12.63919372,12.23213908,11.38033118,11.10316976,6.883565023,7.040964133,6.826827899,7.066624277,7.729944631,7.199494401,6.498586615,7.145781477,7.189478031,6.908934801,7.13122465,7.664220782,6.399729108,7.117183837,7.000849966,7.21992687,7.400714034,6.661496177,7.722310376,7.929758331,8.294555072,7.805159512,7.386258954,7.423350077,7.695580396,8.262500366,7.854507808,7.608921711,7.230036127,7.626662662,7.951001375,7.420857284,7.116067789
3.21,2.89,2.77,2.85,5.56,5.58,4.96,5.94,11.02476569,10.2005431,11.86879555,11.13201768,9.155324229,6.169468076,3.151053715,3.002384244,2.753671899,2.763053589,2.842763443,2.627721972,2.621899574,2.928349793,2.847007431,2.770719506,2.802235799,2.640188463,2.732010328,2.717992409,2.742459841,2.661243146,2.765361863,2.771453577,3.154133553,3.70685251,3.110937386,2.89397669,3.038300628,3.121732789,3.127033826,3.236979265,3.094107884,3.272314043,3.061302808,3.113500717,3.039967555,2.908572149,2.995346897
2.3,2.32,2.5,2.16,5.95,5.2,5.87,6.71,6.368288186,6.592056316,5.526006193,3.920560088,3.467240347,6.242648232,3.533568821,3.310694717,3.219765723,3.111312465,3.491838535,3.510477535,3.455009859,3.240316193,3.658029567,3.427659865,3.75856009,3.342323123,3.407746685,3.396502161,3.448132895,3.433428559,3.142002276,3.511551401,9.388489175,9.759659035,9.430378004,8.50404848,8.121456296,7.488881356,8.465328133,7.892500863,8.007655482,7.07946044,6.227841909,5.662025692,9.579120091,9.834433701,9.972319843
5.24,3.99,4.15,4.06,9.44,9.65,11.05,11.01,8.934425092,9.920154825,10.13248688,9.496406423,9.798304922,8.872034566,7.666889617,7.769901547,7.894684571,6.814753618,7.097692561,7.496724099,7.037243287,7.276630845,7.869399736,6.18490757,7.129689403,7.60184858,7.108436983,6.784650647,7.024010089,6.168536023,6.409277704,5.917281638,7.753277338,8.441036136,7.968875017,8.027565559,7.77369311,7.876519603,7.067411086,7.65467111,7.564869165,8.202713427,7.65737183,7.216834711,7.567420339,6.985762208,7.169258315
3.49,2.99,2.9,2.83,9.17,9.38,11.33,11.55,10.4160269,11.98356726,11.62546229,11.21606678,9.439093249,6.921472036,8.943377708,9.159894926,8.702601129,7.238481038,8.422786985,8.261337003,8.240575473,9.107161478,8.664308734,7.056100457,8.842368316,8.327286494,8.080775433,7.708379658,7.484176191,6.703018675,6.925966073,6.695522905,8.530780116,9.424000158,7.923606853,6.640174093,7.156858945,6.719018847,6.279455951,8.160736525,7.066551817,7.298877088,6.974918021,7.318235579,9.014478644,7.307996912,7.72956805
4.22,3.75,4.04,3.68,6.11,5.79,6.21,6.53,4.557679659,2.815202411,3.359254084,4.8099957270000004,4.58591797,5.216784653,2.47055396,2.695900083,2.203530589,2.530703699,2.357362348,2.2146499,2.379207788,2.179602851,2.248721833,2.323233056,2.366525262,2.242535216,2.317091451,2.384220975,2.362223018,2.534898782,2.318533445,2.475886162,7.836423475,8.093304104,7.555341298,6.414254591,6.467276192,6.157312592,6.5885227,7.347205711,6.126055833,6.204206555,6.09037719,6.619725984,7.767428712,6.949268738,6.992252068
6.02,5.85,6.07,4.65,9.54,9.51,10.04,10.07,6.22302475,7.215600947,7.030104293,7.789318447,6.716867465,6.732744049,2.464677306,2.39543766,2.401689752,2.516070261,2.659046156,2.383150885,2.538043703,2.290406947,2.447191805,2.508895554,2.261113116,2.487225369,2.383046088,2.490968923,2.457690126,2.629671753,2.475927367,2.395981154,5.89512667,5.426318932,6.159154211,6.833253369,6.291925762,6.122538635,5.535783473,5.198023898,6.053845921,4.728521861,4.78784424,4.55140662,5.866826486,7.04106079,6.200047451
3.31,3.02,2.96,3.03,4.51,4.21,4.45,4.67,5.202754651,8.420937089,6.450632269,6.004532853,6.062480096,5.90945631,9.048019793,8.853286194,7.844758978,7.367088756,7.17179273,6.852398671,8.573981781,8.28237766,7.05113937,7.135215414,6.932119669,5.942991207,8.710238249,8.085780153,7.262745783,7.885866479,7.056737046,6.330532558,7.158598039,7.451825705,6.783349682,6.004512869,6.298280446,6.14732029,6.19813307,6.864836418,6.550452213,7.165011048,6.280104973,6.636696945,7.08878222,6.590940012,6.776732667
6.67,5.69,6.01,6.01,8.49,8.35,8.39,8.48,6.789338012,7.591604624,7.355897235,7.390100152,-1.155225502,0.637100124,5.76768383,4.664294647,3.871594066,4.103073399,3.936188461,3.569783194,4.360328379,4.070785149,4.024478464,3.924600933,3.339454471,3.537417986,4.633769497,3.611712281,3.607238213,3.855630993,3.477183201,3.416467768,5.12742651,5.350692805,4.959962061,3.662514571,4.216779183,4.17734733,4.41485613,4.490379149,3.94109142,3.993066622,4.594970346,4.598478325,4.662434967,4.455855457,4.861615614
6.24,6.35,6.8,5.58,9.67,9.85,10.46,10.71,6.630647182,7.571305168,7.472317172,7.095175458,6.422093367,5.998127791,2.464458871,2.522738954,2.410315995,2.59268108,2.590571284,2.63657689,2.484066931,2.400857964,2.525383356,2.294591875,2.611886471,2.634990828,2.537663525,2.649116716,2.697314787,2.566916744,2.653113702,2.132563432,6.125527843,5.742022126,6.351082446,6.89683376,6.463032353,6.27713708,5.915654796,5.769928921,6.093209735,5.364011787,5.387880971,5.313249283,6.364589991,7.032220751,6.364589991
2.92,3.48,2.99,2.76,6.51,5.55,6.41,6.64,10.67675929,10.32769859,10.69334756,9.938559271,10.84665001,8.807802475,6.440801153,6.516181749,6.404491884,4.597216817,3.714857197,4.012392617,5.829229386,6.457169517,6.407584925,4.36328355,3.761922486,3.856676648,5.868463168,5.293811685,4.326058018,5.126125085,4.229705586,4.515763661,5.354016681,5.024060157,4.638151606,4.392135135,4.291151964,4.439615979,3.936683836,4.866925141,4.354715374,4.856505186,4.546991781,4.835489649,3.732720058,3.912009181,4.235784439
2.44,3.22,2.54,3,4.93,5.24,5.11,5.45,8.016095119,8.537878433,8.566274803,9.317288238,4.543056574,2.2958376130000002,5.560200149,5.809196738,5.534258267,7.168309014,6.802653973,6.545913142,4.754866588,5.447481717,5.383155059,7.4547415,7.273288044,7.067099726,4.834782548,6.092973048,5.108943788,6.291165967,6.346163716,5.49763578,3.756318899,3.486868872,3.416445693,3.709842676,3.795319685,3.660945758,4.242762797,3.581040528,4.000904081,3.499055291,3.722967098,3.497724647,3.660945758,3.685383584,3.754055311
6.82,6.75,7.28,7.01,9.46,9.36,10.19,10.22,9.570113752,10.66809607,9.97234802,9.876334296,9.529112306,8.750526115,8.480134884,9.299419807,9.085254776,8.652601156,9.673735512,9.617872929,8.403217807,9.216712457,9.201764235,8.97175997,9.609420686,9.45800139,8.172526909,8.052548261,8.202791783,8.505824636,8.264919412,8.404577053,8.630064535,8.970530889,8.535584726,7.507359435,7.825217124,7.560148343,7.859753948,7.683432678,7.603074645,7.802459152,7.669257264,7.696225969,8.541794224,7.745851751,8.299300099
7.72,8.35,8,7.22,10.46,10.8,10.59,10.97,9.240505149,10.84432131,7.907245215,8.302853656,9.768690503,9.724020933,7.782738452,7.73912271,7.731247593,7.585998844,7.83329742,8.084028172,7.913552664,7.896215209,8.196365163,8.20400242,8.554678101,8.763668036,7.667461038,7.68619705,7.621677286,7.58235249,7.776018951,8.000802205,11.53329394,11.31850281,11.31281727,11.63534044,11.43137231,11.07041178,11.33268092,11.35173894,11.15130958,10.82541363,10.28686591,10.587438240000001,11.38636092,11.84097854,11.5417685
3.75,3.9,3.66,3.43,6.03,6.01,5.43,5.5,5.726564228,5.894720772,5.952314927,5.187842951,6.167119038,6.342883595,4.392384774,4.677217016,4.427276824,4.687170892,4.656598086,4.619223163,4.497472369,4.536649452,4.6816381,4.57173271,4.688067188,4.598456501,4.688973851,4.501568684,5.197725336,4.668132156,4.272430148,4.548674954,5.116385476,5.127924391,5.045543976,4.869315772,5.165351683,4.931904293,4.969230542,5.266586342,5.165351683,4.839150618,5.089058588,4.798137545,5.184003771,5.269872057,5.334369571
4.19,3.93,2.99,3.53,6.77,7.49,7.01,7.6,1.576154464,1.563734117,2.958684944,3.053358138,4.254601601,3.814693968,2.602053743,2.511006709,2.591916569,2.737431998,2.418206162,2.469880902,2.602877156,2.568296671,2.321705113,2.577494194,2.524244816,2.415768201,2.604110129,2.444575983,2.54959259,2.282751174,2.375312409,2.712577185,12.82207521,12.49303631,12.2880464,12.42606632,11.9826923,11.01918467,11.82911116,12.35341287,11.67801503,10.45303425,9.576223642,10.34391789,12.97551667,12.84184024,12.52073308
3.78,3.74,3.86,3.3,5.39,5.35,5.27,5.75,5.175596455,4.960275381,6.244681597,5.608729419,6.179726005,5.30635339,2.349409142,2.416928536,2.471164503,2.171767967,2.712992475,2.390332668,2.222498015,2.439624376,2.489734286,2.372414548,2.2552133,2.317195135,2.171767967,2.583264191,2.387584704,2.274710362,2.454971139,2.640494368,3.012949905,2.916534456,3.056162605,3.36069681,2.879180714,3.027800071,2.991220562,2.898619605,2.920745275,3.053705962,2.827696638,3.2284117,2.898619605,3.150571725,3.106741619
6.98,7.31,7.08,7.21,5.2,5.62,5.08,4.81,4.924551251,0.610066914,3.56058046,4.958387992,3.783655705,2.850419401,6.565989618,6.803739199,6.301886825,6.411612488,7.125111859,6.59290125,6.104813875,7.002587736,6.470257906,6.729875235,7.040355364,7.285900705,5.794173914,7.043949526,6.2230325,5.569807245,7.368582357,6.720887216,5.653457611,5.420931413,5.369782505,4.284095805,4.136604984,4.794465139,4.971263854,4.971263854,4.026021979,3.643596907,4.359775412,4.734578454,5.636173988,5.193046982,4.538581629
3.6,3.62,3.38,3.37,4.35,4.49,4.32,4.29,5.074835074,6.139755975,3.978836278,5.169660483,5.482674065,5.800237273,3.083342489,2.813250059,2.940728452,2.976514757,3.33172371,3.094786472,3.258635465,2.921905351,3.360413579,3.185221797,3.291797941,3.172489543,2.992153319,2.972207742,3.088026041,3.022239207,3.145380036,2.895847882,3.556659949,3.43011449,3.688311122,3.379169153,3.672042317,3.981275016,3.688934458,3.386420204,3.744136578,3.602611281,3.843779803,3.626913463,3.628726763,3.735769241,4.250185545
9.55,9.55,9.19,8.81,11.97,11.66,12.14,12.6,0.425566724,5.134475607,3.269549371,1.832031229,1.140392577,1.493165672,7.55721268,7.439881473,7.051315911,6.501488541,6.911741542,7.070716344,6.97648756,7.020033596,6.611273399,6.220153772,6.382712223,6.536884317,7.571718764,7.661696538,6.877442842,6.894523265,7.516183928,7.415654921,8.181474293,8.250384965,8.189229063,8.299029183,8.200909306,7.855013113,7.884521628,7.956909191,7.786223847,7.621198809,7.263800734,7.57800525,8.723279845,8.096287147,7.787221403
3.2,2.89,3.58,2.91,5.07,5.65,5.75,5.64,4.67845507,4.418081978,3.604344176,3.186020319,-0.408720802,1.827022274,2.793590543,2.908586116,2.902798283,3.010365426,3.24913635,3.09988203,2.978265785,2.805954966,2.820447965,2.902798283,3.339634235,2.966596125,2.516390962,2.727350901,2.814996081,2.472144671,2.578158653,2.780948727,4.300981568,3.853263355,3.342039285,3.405746706,3.31437205,3.18986865,3.55798306,3.479172844,3.006694829,3.645196545,3.099333364,3.188035532,3.922290363,3.805922537,3.890333085
4.6,4.61,4.26,4.34,6.33,6.51,6.92,7.19,7.248553811,7.188608625,7.79179454,8.040322603,7.433268285,8.073509643,8.017985115,7.76894132,7.206937182,7.918134422,7.597921947,7.14316085,7.657672061,7.551276396,7.339865794,8.276897606,7.215418809,7.040964133,7.650986362,7.818962798,7.538707391,7.769862869,7.451613596,6.606927086,4.518502295,4.560029511,4.355361673,4.346625733,4.655642635,4.677666304,4.518502295,4.35334993,4.496336405,4.528250272,4.36827298,4.684650297,4.546404386,4.518502295,4.509491887
5.71,6.29,6.05,4.82,10.51,9.55,9.75,10.54,13.92568424,13.99540502,13.77358225,13.66769924,13.20260291,12.0395771,10.1780232,10.33208276,10.18917962,9.189344111,7.722521753,9.039748805,9.597439306,10.00891641,9.805529862,9.102689019,7.822828391,8.373778173,9.865717191,9.553774101,9.654831276,9.670947944,8.405990364,9.503106106,7.6122793,7.695857577,8.132619272,6.905511828,7.263035701,7.349998185,7.065568705,7.68621745,7.263035701,7.236943763,7.115730786,7.445170468,5.784704939,5.129894034,5.156710198
3.31,3.39,3.14,3.11,5.5,5.26,6.05,6.23,10.87148946,10.97994673,11.61596062,11.62236303,9.88377506,8.76159777,9.383069875,9.015717939,8.160644041,7.432475925,6.866377246,6.491504341,8.907657807,8.772532792,7.852482567,7.323171265,6.171230423,5.74998453,9.049334293,8.332494944,7.659939541,7.599234221,7.056821993,7.04461136,7.913255662,8.501833098,7.546109975,6.622125222,7.143055995,7.132553175,6.600211878,8.021132146,7.705222403,7.938208177,7.143055995,8.006365566,7.485289574,6.374702277,6.598593562
2.67,2.67,2.92,3.36,5.38,5.52,5.99,6.34,6.623264053,8.166208284,8.347426486,7.715165801,6.2328219,5.473118001,6.298943774,6.477527822,6.209494393,6.232361668,6.606213643,6.444301727,5.918013917,6.577729089,6.399284053,6.522713843,6.855146445,6.245685847,6.384897313,6.383087732,6.04358816,6.193512638,6.329181239,5.918380465,8.502059467,9.141973284,8.949543032,9.226751689,7.652494,8.467528483,8.377540887,8.644827668,10.16900357,8.741597621,9.13038382,8.644827668,9.106772078,9.479528655,9.518044852
